{
  "A": [
    55.36795674,
    10.43378569
  ],
  "B": [
    55.36812199,
    10.43396967
  ],
  "C": [
    55.36827682,
    10.434190534999999
  ],
  "D": [
    55.36837311,
    10.43461734
  ],
  "E": [
    55.36845388,
    10.43493964
  ],
  "F": [
    55.36845998,
    10.43532529
  ],
  "G": [
    55.36838853,
    10.43563625
  ],
  "H": [
    55.36821637,
    10.435874
  ],
  "I": [
    55.3680494,
    10.43607219
  ],
  "J": [
    55.36783958,
    10.436075795
  ],
  "K": [
    55.36764129,
    10.43605903
  ],
  "L": [
    55.36753412,
    10.43603875
  ],
  "M": [
    55.36733195,
    10.43558084
  ],
  "N": [
    55.367261459999995,
    10.43506167
  ],
  "O": [
    55.36725566,
    10.4345497
  ],
  "P": [
    55.3674156,
    10.43421904
  ],
  "Q": [
    55.36752365,
    10.43411887
  ],
  "R": [
    55.36772435,
    10.43392567
  ]
}