{
  "A": [
    55.36896615,
    10.43626732
  ],
  "B": [
    55.36891546,
    10.43728547
  ],
  "C": [
    55.36902147,
    10.43841085
  ],
  "D": [
    55.36907107,
    10.43937768
  ],
  "E": [
    55.369578059999995,
    10.43934067
  ],
  "F": [
    55.37006487,
    10.4393185
  ],
  "G": [
    55.370310925,
    10.438409235
  ],
  "H": [
    55.37023398,
    10.43734565
  ],
  "I": [
    55.370031510000004,
    10.43613979
  ],
  "J": [
    55.369613439999995,
    10.43618891
  ],
  "K": [
    55.36962495,
    10.4373941
  ],
  "L": [
    55.36968048,
    10.43827764
  ],
  "M": [
    55.36968236,
    10.4387005
  ]
}